name,template,capacity(MW),assigned_term,lat,lon,sh_pp_agg,idx
,Hydro,93.0,ElmTerm_0635,12.5667812,47.2626347,POINT (12.5667812 47.2626347),SM_0001
Kraftwerk Kühtai 2,Hydro,130.0,ElmTerm_0526,11.005710996056347,47.20772840000003,POINT (11.00571099605635 47.20772840000003),SM_0002
Fernheizkraftwerk Linz-Mitte,Gas,251.0,ElmTerm_0063,14.32256098839457,48.300645378775215,POINT (14.32256098839457 48.30064537877522),SM_0003
Wärmekraftwerk Korneuburg,Gas,455.0,ElmTerm_0087,16.339751409666352,48.33076629770176,POINT (16.33975140966635 48.33076629770176),SM_0004
Kraftwerk Passau-Ingling,Hydro,86.4,ElmTerm_0462,13.442854231279618,48.43454641266203,POINT (13.44285423127962 48.43454641266203),SM_0005
Kraftwerk Donaustadt,Gas,395.0,ElmTerm_0406,16.46444642975461,48.19982474778195,POINT (16.46444642975461 48.19982474778195),SM_0006
Innkraftwerk Braunau-Simbach,Hydro,100.0,ElmTerm_0221,13.008406971686293,48.24303045920537,POINT (13.00840697168629 48.24303045920537),SM_0007
Rodundwerk II,Hydro,295.0,ElmTerm_0467,9.87444993891307,47.0848459824697,POINT (9.87444993891307 47.0848459824697),SM_0008
Kraftwerk Fisching,Hydro,22.0,ElmTerm_0426,14.723267733325645,47.17421128895831,POINT (14.72326773332565 47.17421128895831),SM_0009
Kraftwerk Urreiting,Hydro,17.0,ElmTerm_0555,13.210428602542606,47.37880353132693,POINT (13.21042860254261 47.37880353132693),SM_0010
Achenseekraftwerk,Hydro,79.0,ElmTerm_0547,11.757262744113497,47.389304671928656,POINT (11.7572627441135 47.38930467192866),SM_0011
Kraftwerk Gmunden,Hydro,12.2,ElmTerm_0171,13.785622903424066,47.923435714902475,POINT (13.78562290342407 47.92343571490247),SM_0012
Kraftwerk Dürnrohr,Gas,352.0,ElmTerm_0578,15.925061790758821,48.327497766683756,POINT (15.92506179075882 48.32749776668376),SM_0013
Walgaukraftwerk,Hydro,94.0,ElmTerm_0532,9.670056034197732,47.198903987436985,POINT (9.670056034197732 47.19890398743699),SM_0014
Kraftwerk Untere Sill,Hydro,28.0,ElmTerm_0050,11.393539843395866,47.25229948749199,POINT (11.39353984339587 47.25229948749199),SM_0015
Wasserkraftwerk Staning,Hydro,43.0,ElmTerm_0599,14.4685429,48.0987687,POINT (14.4685429 48.0987687),SM_0016
Kraftwerk Timelkam,Gas,405.0,ElmTerm_0069,13.588260576547247,48.010778070308454,POINT (13.58826057654725 48.01077807030845),SM_0017
Müllverbrennungsanlage Pfaffenau / Biogas Wien,Gas,14.0,ElmTerm_0640,16.4792467,48.1749857,POINT (16.4792467 48.1749857),SM_0018
Wasserkraftwerk Weyer,Hydro,36.8,ElmTerm_0612,14.6394609,47.8481423,POINT (14.6394609 47.8481423),SM_0019
Pumpspeicherkraftwerk Ottenstein,Hydro,48.0,ElmTerm_0551,15.332079841420848,48.592411543805476,POINT (15.33207984142085 48.59241154380548),SM_0020
Kraftwerk Theiß,Gas,800.0,ElmTerm_0090,15.705590854128966,48.393953497645064,POINT (15.70559085412897 48.39395349764506),SM_0021
Kraftwerk Traun-Pucking,Hydro,45.8,ElmTerm_0057,14.22387987900567,48.20476543146954,POINT (14.22387987900567 48.20476543146954),SM_0022
Wasserkraftwerk Oberaudorf-Ebbs,Hydro,59.0,ElmTerm_0573,12.200769995656016,47.64103000000003,POINT (12.20076999565602 47.64103000000003),SM_0023
Donaukraftwerk Altenwörth,Hydro,328.0,ElmTerm_0361,15.855122553706252,48.37318098298078,POINT (15.85512255370625 48.37318098298078),SM_0024
Malta Hauptstufe,Hydro,730.0,ElmTerm_0130,13.32776969461215,46.87095677317493,POINT (13.32776969461215 46.87095677317493),SM_0025
Malta Unterstufe,Hydro,41.0,ElmTerm_0136,13.35956272736669,46.833182515215654,POINT (13.35956272736669 46.83318251521565),SM_0026
Obervermuntwerk 1,Hydro,29.0,ElmTerm_0466,10.054116810336737,46.96893749758307,POINT (10.05411681033674 46.96893749758307),SM_0027
Kraftwerk Wölla,Hydro,18.0,ElmTerm_0646,13.0715954,46.8674827,POINT (13.0715954 46.8674827),SM_0028
Kraftwerk Zirknitz,Hydro,32.0,ElmTerm_0508,12.956974319101258,46.995395755390085,POINT (12.95697431910126 46.99539575539008),SM_0029
Kraftwerk Außerfragant,Hydro,96.0,ElmTerm_0132,13.1100049758515,46.933986169546536,POINT (13.1100049758515 46.93398616954654),SM_0030
Kraftwerk Kreuzbergmaut,Hydro,18.0,ElmTerm_0555,13.210428602542606,47.37880353132693,POINT (13.21042860254261 47.37880353132693),SM_0031
Kraftwerk Innerfragant,Hydro,178.0,ElmTerm_0379,13.051915594512412,46.97745929910731,POINT (13.05191559451241 46.97745929910731),SM_0032
Kraftwerk Aschach,Hydro,324.0,ElmTerm_0212,14.01960506677233,48.38520842909634,POINT (14.01960506677233 48.38520842909634),SM_0033
Wasserkraftwerk St. Pantaleon-Erla,Hydro,51.0,ElmTerm_0251,14.531886606077423,48.224406978754836,POINT (14.53188660607742 48.22440697875484),SM_0034
Kraftwerk Friesach,Hydro,12.0,ElmTerm_0661,15.3365537,47.1862674,POINT (15.3365537 47.1862674),SM_0035
Kraftwerk Partenstein,Hydro,33.8,ElmTerm_0570,13.986383395073878,48.433703699999995,POINT (13.98638339507388 48.4337037),SM_0036
Kraftwerk Pernegg,Hydro,26.0,ElmTerm_0109,15.273971305168587,47.42332735103298,POINT (15.27397130516859 47.42332735103298),SM_0037
Kraftwerk Ranna,Hydro,19.0,ElmTerm_0533,13.751876381836126,48.489641336812255,POINT (13.75187638183613 48.48964133681226),SM_0038
Kraftwerk Wald,Hydro,23.5,ElmTerm_0614,12.2300805,47.2438389,POINT (12.2300805 47.2438389),SM_0039
Kraftwerk Bösdornau,Hydro,25.0,ElmTerm_0604,11.8336599,47.152134,POINT (11.8336599 47.152134),SM_0040
Kraftwerk Gabersdorf,Hydro,15.0,ElmTerm_0662,15.5847885,46.7852796,POINT (15.5847885 46.7852796),SM_0041
Kraftwerk Kirchbichl,Hydro,19.3,ElmTerm_0339,12.087516116444519,47.51525314121865,POINT (12.08751611644452 47.51525314121865),SM_0042
Kraftwerk Funsingau,Hydro,25.0,ElmTerm_0615,12.0583917,47.2355602,POINT (12.0583917 47.2355602),SM_0043
Kraftwerk Kaprun Hauptstufe,Hydro,260.0,ElmTerm_0077,12.742247480334564,47.259235908188735,POINT (12.74224748033456 47.25923590818874),SM_0044
Kraftwerk Kaprun Oberstufe Limberg (1),Hydro,113.0,ElmTerm_0633,12.7195951,47.196803,POINT (12.7195951 47.196803),SM_0045
Speicherkraftwerk Dobra-Krumau,Hydro,16.2,ElmTerm_0354,15.442981811190027,48.58985343634367,POINT (15.44298181119003 48.58985343634367),SM_0046
Kraftwerk Hieflau,Hydro,63.0,ElmTerm_0280,14.74258906365209,47.605632072772245,POINT (14.74258906365209 47.60563207277225),SM_0047
Kraftwerk St. Veit,Hydro,17.0,ElmTerm_0128,13.137987335686145,47.31536868364601,POINT (13.13798733568614 47.31536868364601),SM_0048
Kraftwerk St. Johann,Hydro,17.0,ElmTerm_0555,13.210428602542606,47.37880353132693,POINT (13.21042860254261 47.37880353132693),SM_0049
Kraftwerk Krippau,Hydro,30.0,ElmTerm_0611,14.6894195,47.7036518,POINT (14.6894195 47.7036518),SM_0050
Kraftwerk Altenmarkt,Hydro,25.7,ElmTerm_0622,14.6528812,47.7383689,POINT (14.6528812 47.7383689),SM_0051
Lünerseewerk,Hydro,232.0,ElmTerm_0385,9.873758321799993,47.073214818440505,POINT (9.873758321799993 47.0732148184405),SM_0052
Rodundwerk I,Hydro,198.0,ElmTerm_0383,9.881058269133176,47.08444470324538,POINT (9.881058269133176 47.08444470324538),SM_0053
Wasserkraftwerk Opponitz,Hydro,12.62,ElmTerm_0536,14.830181575215278,47.8904169859736,POINT (14.83018157521528 47.8904169859736),SM_0054
Annabrücke,Hydro,90.0,ElmTerm_0172,14.483112805165476,46.559562108024714,POINT (14.48311280516548 46.55956210802471),SM_0055
Kraftwerk Rosegg-St. Jakob,Hydro,80.0,ElmTerm_0159,14.027972802539539,46.56831819131435,POINT (14.02797280253954 46.56831819131435),SM_0056
Fernheizkraftwerk Linz-Süd,Gas,172.0,ElmTerm_0049,14.347485964315794,48.26722965705101,POINT (14.34748596431579 48.26722965705101),SM_0057
Kraftwerk Klösterle,Hydro,16.0,ElmTerm_0452,10.179462860799747,47.13800504875977,POINT (10.17946286079975 47.13800504875977),SM_0058
Kraftwerk Andelsbuch,Hydro,15.1,ElmTerm_0357,9.8775095965351,47.40136598696717,POINT (9.8775095965351 47.40136598696717),SM_0059
Kraftwerk Alberschwende,Hydro,30.0,ElmTerm_0080,9.852832005019831,47.47199250023979,POINT (9.852832005019831 47.47199250023979),SM_0060
Kraftwerk Langenegg,Hydro,74.0,ElmTerm_0080,9.852832005019831,47.47199250023979,POINT (9.852832005019831 47.47199250023979),SM_0061
Kraftwerk Peggau-Deutschfeistritz,Hydro,13.2,ElmTerm_0661,15.3365537,47.1862674,POINT (15.3365537 47.1862674),SM_0062
Kraftwerk Klaus,Hydro,20.0,ElmTerm_0234,14.113445210303945,47.90774467995354,POINT (14.11344521030395 47.90774467995354),SM_0063
Biomassekraftwerk Timelkam,Gas,15.0,ElmTerm_0069,13.588260576547247,48.010778070308454,POINT (13.58826057654725 48.01077807030845),SM_0064
Kraftwerk Simmering,Gas,1156.0,ElmTerm_0411,16.43029870187496,48.18271491700115,POINT (16.43029870187496 48.18271491700115),SM_0065
Kraftwerk Mayrhofen,Hydro,355.0,ElmTerm_0033,11.850783180140795,47.16249227836748,POINT (11.85078318014079 47.16249227836748),SM_0066
Thermisches Kraftwerk Laakirchen CMOÖ,Gas,61.0,ElmTerm_0241,13.814016895129193,47.981344950000015,POINT (13.81401689512919 47.98134495000001),SM_0067
Kraftwerk Obere Sill,Hydro,20.9,ElmTerm_0587,11.392455143535285,47.23631868902143,POINT (11.39245514353528 47.23631868902143),SM_0068
Kraftwerk Rosenau,Hydro,34.0,ElmTerm_0062,14.378000628447747,47.99377297593938,POINT (14.37800062844775 47.99377297593938),SM_0069
Kraftwerk Freibach,Hydro,16.4,ElmTerm_0172,14.483112805165476,46.559562108024714,POINT (14.48311280516548 46.55956210802471),SM_0070
Kraftwerk Gralla,Hydro,15.0,ElmTerm_0628,15.5656527,46.8279377,POINT (15.5656527 46.8279377),SM_0071
Kraftwerk Obervogau,Hydro,13.0,ElmTerm_0616,15.5720422,46.7455542,POINT (15.5720422 46.7455542),SM_0072
Kraftwerk Spielfeld,Hydro,13.0,ElmTerm_0624,15.6211308,46.7162244,POINT (15.6211308 46.7162244),SM_0073
Kraftwerk Kühtai,Hydro,289.0,ElmTerm_0526,11.005710996056347,47.20772840000003,POINT (11.00571099605635 47.20772840000003),SM_0074
Kraftwerk Silz,Hydro,500.0,ElmTerm_0248,10.966258454265352,47.26953050486745,POINT (10.96625845426535 47.26953050486745),SM_0075
Kraftwerk Gerlos,Hydro,200.0,ElmTerm_0428,11.897843801023008,47.233447264529794,POINT (11.89784380102301 47.23344726452979),SM_0076
Kraftwerk Gössendorf,Hydro,19.0,ElmTerm_0562,15.477319838790836,47.017500492385636,POINT (15.47731983879084 47.01750049238564),SM_0077
Müllverbrennungsanlage Zistersdorf,Gas,15.0,ElmTerm_0273,16.800135035169717,48.605814746452616,POINT (16.80013503516972 48.60581474645262),SM_0078
Flusskraftwerk Schwarzach,Hydro,138.0,ElmTerm_0128,13.137987335686145,47.31536868364601,POINT (13.13798733568614 47.31536868364601),SM_0079
KW Amlach,Hydro,60.0,ElmTerm_0571,12.749385795475025,46.80185979999999,POINT (12.74938579547502 46.80185979999999),SM_0080
Kraftwerk Mellach,Hydro,16.0,ElmTerm_0125,15.484073684707454,46.90909809239682,POINT (15.48407368470745 46.90909809239682),SM_0081
Kraftwerk Schwabeck,Hydro,79.0,ElmTerm_0176,14.874255591277548,46.65819524451187,POINT (14.87425559127755 46.65819524451187),SM_0082
Kraftwerk Dionysen,Hydro,16.0,ElmTerm_0109,15.273971305168587,47.42332735103298,POINT (15.27397130516859 47.42332735103298),SM_0083
Wasserkraftwerk Werfen,Hydro,16.0,ElmTerm_0555,13.210428602542606,47.37880353132693,POINT (13.21042860254261 47.37880353132693),SM_0084
Malta Oberstufe,Hydro,120.0,ElmTerm_0645,13.3529122,47.0657893,POINT (13.3529122 47.0657893),SM_0085
,Hydro,24.0,ElmTerm_0608,12.8183368,47.4906569,POINT (12.8183368 47.4906569),SM_0086
Paternion,Hydro,24.0,ElmTerm_0140,13.592968114589475,46.73978248566139,POINT (13.59296811458947 46.73978248566139),SM_0087
Kraftwerk Bischofshofen,Hydro,16.0,ElmTerm_0555,13.210428602542606,47.37880353132693,POINT (13.21042860254261 47.37880353132693),SM_0088
Kraftwerk Oberstufe Lutz,Hydro,19.3,ElmTerm_0368,9.713283005590364,47.191231326688786,POINT (9.713283005590364 47.19123132668879),SM_0089
Kraftwerk Kalsdorf,Hydro,19.0,ElmTerm_0583,15.491168444270084,46.91008698214188,POINT (15.49116844427008 46.91008698214188),SM_0090
Kraftwerk Bärenwerk,Hydro,14.0,ElmTerm_0634,12.7217142,47.2002092,POINT (12.7217142 47.2002092),SM_0091
Kraftwerk Arnstein,Hydro,30.0,ElmTerm_0082,15.158944126479911,47.018558615934374,POINT (15.15894412647991 47.01855861593437),SM_0092
Kraftwerk Rabenstein,Hydro,14.0,ElmTerm_0630,15.3172078,47.2804421,POINT (15.3172078 47.2804421),SM_0093
Kraftwerk Weinzödl,Hydro,19.0,ElmTerm_0417,15.416050976745733,47.094493025090145,POINT (15.41605097674573 47.09449302509015),SM_0094
Fernheizkraftwerk Graz-Puchstraße,Gas,100.0,ElmTerm_0246,15.440919298569122,47.049564153087374,POINT (15.44091929856912 47.04956415308737),SM_0095
Wasserkraftwerk Ering-Frauenstein,Hydro,72.9,ElmTerm_0591,13.086339795364795,48.25323455000002,POINT (13.0863397953648 48.25323455000002),SM_0096
Kraftwerk Garsten-St. Ulrich,Hydro,38.0,ElmTerm_0476,14.411920963653548,48.01759309394222,POINT (14.41192096365355 48.01759309394222),SM_0097
Kraftwerk Sohlstufe Lehen,Hydro,13.7,ElmTerm_0056,13.029645265666167,47.831060680260165,POINT (13.02964526566617 47.83106068026017),SM_0098
Kraftwerk Villach,Hydro,25.0,ElmTerm_0602,13.7897028,46.6516666,POINT (13.7897028 46.6516666),SM_0099
Wasserkraftwerk Schönau,Hydro,29.8,ElmTerm_0622,14.6528812,47.7383689,POINT (14.6528812 47.7383689),SM_0100
Wasserkraftwerk Grossraming,Hydro,72.0,ElmTerm_0083,14.517352262017068,47.892113282943484,POINT (14.51735226201707 47.89211328294348),SM_0101
Wasserkraftwerk Strubklamm,Hydro,15.0,ElmTerm_0055,13.082388338463689,47.70660481157388,POINT (13.08238833846369 47.70660481157388),SM_0102
Reißeck-Kreuzeck,Hydro,138.0,ElmTerm_0131,13.31249642894743,46.8724589012608,POINT (13.31249642894743 46.8724589012608),SM_0103
Gemeinschaftskraftwerk Inn,Hydro,89.0,ElmTerm_0320,10.665421862645054,47.06940845616328,POINT (10.66542186264505 47.06940845616328),SM_0104
Kraftwerk Landl,Hydro,25.0,ElmTerm_0610,14.7505928,47.6505893,POINT (14.7505928 47.6505893),SM_0105
Fernheizkraftwerk Wels,Gas,47.0,ElmTerm_0413,14.00680742671483,48.15206608841096,POINT (14.00680742671483 48.15206608841096),SM_0106
Wasserkraftwerk Losenstein,Hydro,39.0,ElmTerm_0560,14.433905037845097,47.92319451283168,POINT (14.4339050378451 47.92319451283168),SM_0107
Kraftwerk Freudenau,Hydro,172.0,ElmTerm_0640,16.4792467,48.1749857,POINT (16.4792467 48.1749857),SM_0108
Kraftwerk Greifenstein,Hydro,293.0,ElmTerm_0065,16.240790406369612,48.35670205101778,POINT (16.24079040636961 48.35670205101778),SM_0109
Kraftwerk Melk,Hydro,187.0,ElmTerm_0041,15.2696276573065,48.21805275263066,POINT (15.2696276573065 48.21805275263066),SM_0110
Kraftwerk Wallsee-Mitterkirchen,Hydro,210.0,ElmTerm_0252,14.695177146360768,48.16420697715917,POINT (14.69517714636077 48.16420697715917),SM_0111
Wasserkraftwerk Abwinden-Asten,Hydro,168.0,ElmTerm_0048,14.427944003339709,48.24731306643842,POINT (14.42794400333971 48.24731306643842),SM_0112
Kraftwerk Ottensheim-Wilhering,Hydro,179.0,ElmTerm_0207,14.151168204535058,48.315062236837974,POINT (14.15116820453506 48.31506223683797),SM_0113
Edling,Hydro,87.0,ElmTerm_0175,14.702450653804496,46.62978949865768,POINT (14.7024506538045 46.62978949865768),SM_0114
Feistritz-Ludmannsdorf,Hydro,88.0,ElmTerm_0160,14.17296123612018,46.535844000412574,POINT (14.17296123612018 46.53584400041257),SM_0115
Ferlach-Maria Rain,Hydro,75.0,ElmTerm_0164,14.298876627984294,46.54546126218319,POINT (14.29887662798429 46.54546126218319),SM_0116
Kellerberg,Hydro,25.0,ElmTerm_0602,13.7897028,46.6516666,POINT (13.7897028 46.6516666),SM_0117
Wasserkraftwerk Ternberg,Hydro,42.0,ElmTerm_0415,14.352945246314565,47.94203023045843,POINT (14.35294524631457 47.94203023045843),SM_0118
Kraftwerk Sölk,Hydro,61.0,ElmTerm_0605,13.9489988,47.4340947,POINT (13.9489988 47.4340947),SM_0119
Kraftwerk St. Martin,Hydro,11.0,ElmTerm_0337,15.09142140261747,46.987362506482874,POINT (15.09142140261747 46.98736250648287),SM_0120
Kraftwerk Feldsee,Hydro,136.0,ElmTerm_0642,13.046891,46.9923551,POINT (13.046891 46.9923551),SM_0121
Reißeck II,Hydro,430.0,ElmTerm_0647,13.3433998,46.8954618,POINT (13.3433998 46.8954618),SM_0122
Wasserkraftwerk Hintermuhr,Hydro,104.0,ElmTerm_0644,13.3528733,47.0659911,POINT (13.3528733 47.0659911),SM_0123
Kraftwerk Böckstein,Hydro,44.5,ElmTerm_0627,13.1146187,47.0865512,POINT (13.1146187 47.0865512),SM_0124
Kraftwerk Nassfeld,Hydro,31.5,ElmTerm_0601,13.0624653,47.0663939,POINT (13.0624653 47.0663939),SM_0125
Wasserkraftwerk Weißhaus,Hydro,12.3,ElmTerm_0021,10.748683354078839,47.49363218088833,POINT (10.74868335407884 47.49363218088833),SM_0126
Kraftwerk Langkampfen,Hydro,31.5,ElmTerm_0606,12.1378584,47.560613000000004,POINT (12.1378584 47.560613),SM_0127
Kraftwerk Koralpe,Hydro,50.0,ElmTerm_0509,14.955419666118939,46.63389133026938,POINT (14.95541966611894 46.63389133026938),SM_0128
Kraftwerk Graz-Puntigam,Hydro,17.7,ElmTerm_0657,15.4421769,47.0402497,POINT (15.4421769 47.0402497),SM_0129
Kraftwerk Häusling,Hydro,360.0,ElmTerm_0600,11.9672213,47.1464611,POINT (11.9672213 47.1464611),SM_0130
Kraftwerk Roßhag,Hydro,231.0,ElmTerm_0490,11.778627545796489,47.085516699999985,POINT (11.77862754579649 47.08551669999999),SM_0131
Kraftwerk Prutz,Hydro,392.0,ElmTerm_0320,10.665421862645054,47.06940845616328,POINT (10.66542186264505 47.06940845616328),SM_0132
Vermuntwerk,Hydro,156.0,ElmTerm_0384,10.055546007221702,46.9690383770561,POINT (10.0555460072217 46.9690383770561),SM_0133
Obervermuntwerk 2,Hydro,360.0,ElmTerm_0384,10.055546007221702,46.9690383770561,POINT (10.0555460072217 46.9690383770561),SM_0134
Kopswerk II,Hydro,525.0,ElmTerm_0582,10.043027796384463,46.97450379999999,POINT (10.04302779638446 46.97450379999999),SM_0135
Kopswerk I,Hydro,247.0,ElmTerm_0384,10.055546007221702,46.9690383770561,POINT (10.0555460072217 46.9690383770561),SM_0136
Kavernenkrafthaus Limberg II,Hydro,480.0,ElmTerm_0634,12.7217142,47.2002092,POINT (12.7217142 47.2002092),SM_0137
Kraftwerk Bodendorf-Paal,Hydro,27.0,ElmTerm_0210,14.065258414929895,47.10831727928552,POINT (14.06525841492989 47.10831727928552),SM_0138
Kraftwerk Laufnitzdorf,Hydro,18.0,ElmTerm_0333,15.32265915863648,47.29268761989343,POINT (15.32265915863648 47.29268761989343),SM_0139
Kraftwerk Traunleiten,Hydro,17.7,ElmTerm_0413,14.00680742671483,48.15206608841096,POINT (14.00680742671483 48.15206608841096),SM_0140
Gas-Kombikraftwerk Mellach,Gas,832.0,ElmTerm_0583,15.491168444270084,46.91008698214188,POINT (15.49116844427008 46.91008698214188),SM_0141
Photovoltaikanlage Flughafen Wien-Schwechat,PV,24.0,ElmTerm_0453,16.507042737569023,48.135823061967436,POINT (16.50704273756902 48.13582306196744),SM_0142
Kraftwerk Marchtrenk,Hydro,42.8,ElmTerm_0177,14.099610983798774,48.17312915496713,POINT (14.09961098379877 48.17312915496713),SM_0143
Blockheizkraftwerk Kirchdorf,Gas,13.2,ElmTerm_0234,14.113445210303945,47.90774467995354,POINT (14.11344521030395 47.90774467995354),SM_0144
Kraftwerk Lambach,Hydro,13.9,ElmTerm_0576,13.899759076267811,48.104375434395564,POINT (13.89975907626781 48.10437543439556),SM_0145
Photovoltaikanlage Schönkirchen,PV,15.32,ElmTerm_0444,16.693326518939923,48.35150182789022,POINT (16.69332651893992 48.35150182789022),SM_0146
Wasserkraftwerk Mühlrading,Hydro,25.0,ElmTerm_0460,14.475650325677886,48.13017526860022,POINT (14.47565032567789 48.13017526860022),SM_0147
Wasserkraftwerk Schärding-Neuhaus,Hydro,96.0,ElmTerm_0462,13.442854231279618,48.43454641266203,POINT (13.44285423127962 48.43454641266203),SM_0148
Windpark Mönchhof-Halbturn-Nickelsdorf,Wind,207.0,ElmTerm_0438,16.994532987218804,47.937698174466156,POINT (16.9945329872188 47.93769817446616),SM_0149
Windpark Andau-Halbturn,Wind,237.0,ElmTerm_0445,17.0423931061165,47.81607449647428,POINT (17.0423931061165 47.81607449647428),SM_0150
Windpark Hollern,Wind,33.0,ElmTerm_0120,16.91915550129259,48.12203298871558,POINT (16.91915550129259 48.12203298871558),SM_0151
"Windpark Haindorf-Inning I, II",Wind,16.2,ElmTerm_0514,15.389781733260739,48.197451405590165,POINT (15.38978173326074 48.19745140559017),SM_0152
Windpark Neudorf,Wind,28.0,ElmTerm_0552,16.860399658559988,48.02081392438017,POINT (16.86039965855999 48.02081392438017),SM_0153
Windpark Potzneusiedl I,Wind,18.0,ElmTerm_0552,16.860399658559988,48.02081392438017,POINT (16.86039965855999 48.02081392438017),SM_0154
Windpark Potzneusiedl II,Wind,15.0,ElmTerm_0552,16.860399658559988,48.02081392438017,POINT (16.86039965855999 48.02081392438017),SM_0155
Windpark Neusiedl-Weiden,Wind,79.2,ElmTerm_0113,16.838032672688446,47.960475624203106,POINT (16.83803267268845 47.96047562420311),SM_0156
Windpark Kittsee,Wind,40.4,ElmTerm_0364,17.026448052671483,48.03914781814195,POINT (17.02644805267148 48.03914781814195),SM_0157
Windpark Berg,Wind,20.0,ElmTerm_0364,17.026448052671483,48.03914781814195,POINT (17.02644805267148 48.03914781814195),SM_0158
Windpark Prellenkirchen,Wind,28.2,ElmTerm_0364,17.026448052671483,48.03914781814195,POINT (17.02644805267148 48.03914781814195),SM_0159
Windpark Höflein,Wind,19.0,ElmTerm_0004,16.767549220523055,48.03382616273393,POINT (16.76754922052305 48.03382616273393),SM_0160
Windpark Höflein Ost,Wind,36.0,ElmTerm_0004,16.767549220523055,48.03382616273393,POINT (16.76754922052305 48.03382616273393),SM_0161
Windpark Deutschkreutz,Wind,16.0,ElmTerm_0296,16.597723201175285,47.59634036092134,POINT (16.59772320117528 47.59634036092134),SM_0162
Windpark Pottendorf,Wind,43.0,ElmTerm_0373,16.374756907751117,47.97240933656153,POINT (16.37475690775112 47.97240933656153),SM_0163
Windpark Auersthal,Wind,24.0,ElmTerm_0387,16.62551698153114,48.338364720335775,POINT (16.62551698153114 48.33836472033578),SM_0164
Windpark Tattendorf,Wind,16.0,ElmTerm_0373,16.374756907751117,47.97240933656153,POINT (16.37475690775112 47.97240933656153),SM_0165
Windpark Markgrafneusiedl I+II,Wind,20.1,ElmTerm_0518,16.748300644545623,48.26530911818085,POINT (16.74830064454562 48.26530911818085),SM_0166
Windpark Handalm,Wind,39.0,ElmTerm_0182,14.840465848996784,46.84752810780341,POINT (14.84046584899678 46.84752810780341),SM_0167
Kraftwerk Imst,Hydro,89.0,ElmTerm_0323,10.719951238763535,47.21179293588135,POINT (10.71995123876354 47.21179293588135),SM_0168
Lavamünd,Hydro,28.0,ElmTerm_0569,14.935756694772936,46.64336970000001,POINT (14.93575669477294 46.64336970000001),SM_0169
Windpark Oberwaltersdorf,Wind,20.0,ElmTerm_0373,16.374756907751117,47.97240933656153,POINT (16.37475690775112 47.97240933656153),SM_0170
Windpark Seibersdorf,Wind,21.0,ElmTerm_0270,16.568629247189463,47.97883238759811,POINT (16.56862924718946 47.97883238759811),SM_0171
Kraftwerk Ybbs-Persenbeug,Hydro,236.5,ElmTerm_0103,15.065597350711647,48.189484873929885,POINT (15.06559735071165 48.18948487392989),SM_0172
Windpark Maustrenk-Zistersdorf,Wind,12.0,ElmTerm_0499,16.74912151487522,48.62584180590206,POINT (16.74912151487522 48.62584180590206),SM_0173
Schafflerhofstraße Agrar-PV,PV,11.0,ElmTerm_0068,16.468856360127425,48.215472028687344,POINT (16.46885636012743 48.21547202868734),SM_0174
Windpark Hof am Leithaberge,Wind,15.0,ElmTerm_0270,16.568629247189463,47.97883238759811,POINT (16.56862924718946 47.97883238759811),SM_0175
Windpark Sommerein,Wind,34.5,ElmTerm_0348,16.69596470140941,48.03194296689242,POINT (16.69596470140941 48.03194296689242),SM_0176
Windpark Au am Leithaberge,Wind,18.2,ElmTerm_0270,16.568629247189463,47.97883238759811,POINT (16.56862924718946 47.97883238759811),SM_0177
Tauernwindpark,Wind,32.0,ElmTerm_0403,14.363302553341772,47.134296472123,POINT (14.36330255334177 47.134296472123),SM_0178
Windpark Edmundshof,Wind,42.7,ElmTerm_0438,16.994532987218804,47.937698174466156,POINT (16.9945329872188 47.93769817446616),SM_0179
Windpark Petronell-Carnuntum,Wind,43.0,ElmTerm_0120,16.91915550129259,48.12203298871558,POINT (16.91915550129259 48.12203298871558),SM_0180
Windpark Trautmannsdorf Nord,Wind,30.0,ElmTerm_0348,16.69596470140941,48.03194296689242,POINT (16.69596470140941 48.03194296689242),SM_0181
Windpark Trautmannsdorf,Wind,19.0,ElmTerm_0348,16.69596470140941,48.03194296689242,POINT (16.69596470140941 48.03194296689242),SM_0182
Windpark Bruck-Göttlesbrunn,Wind,21.0,ElmTerm_0004,16.767549220523055,48.03382616273393,POINT (16.76754922052305 48.03382616273393),SM_0183
Windpark Haadfeld,Wind,36.0,ElmTerm_0004,16.767549220523055,48.03382616273393,POINT (16.76754922052305 48.03382616273393),SM_0184
Windpark Bad Deutsch-Altenburg Carnuntum,Wind,21.0,ElmTerm_0120,16.91915550129259,48.12203298871558,POINT (16.91915550129259 48.12203298871558),SM_0185
Windpark Rohrau,Wind,24.0,ElmTerm_0552,16.860399658559988,48.02081392438017,POINT (16.86039965855999 48.02081392438017),SM_0186
Windpark Höflein West,Wind,17.25,ElmTerm_0004,16.767549220523055,48.03382616273393,POINT (16.76754922052305 48.03382616273393),SM_0187
Voestalpine Kraftwerk Linz,Gas,267.0,ElmTerm_0391,14.342160028887474,48.28355141729325,POINT (14.34216002888747 48.28355141729325),SM_0188
Windpark Hagn,Wind,47.0,ElmTerm_0499,16.74912151487522,48.62584180590206,POINT (16.74912151487522 48.62584180590206),SM_0189
Windpark Glinzendorf I+II,Wind,20.4,ElmTerm_0518,16.748300644545623,48.26530911818085,POINT (16.74830064454562 48.26530911818085),SM_0190
Windpark Obersiebenbrunn II,Wind,21.0,ElmTerm_0518,16.748300644545623,48.26530911818085,POINT (16.74830064454562 48.26530911818085),SM_0191
Windpark Obersiebenbrunn I,Wind,26.0,ElmTerm_0518,16.748300644545623,48.26530911818085,POINT (16.74830064454562 48.26530911818085),SM_0192
Windpark Marchfeld Mitte,Wind,42.7,ElmTerm_0518,16.748300644545623,48.26530911818085,POINT (16.74830064454562 48.26530911818085),SM_0193
Windpark Prottes/Ollersdorf,Wind,36.6,ElmTerm_0517,16.762541141988773,48.386211825297146,POINT (16.76254114198877 48.38621182529715),SM_0194
Windpark Scharndorf III,Wind,18.0,ElmTerm_0004,16.767549220523055,48.03382616273393,POINT (16.76754922052305 48.03382616273393),SM_0195
Windpark Scharndorf,Wind,30.0,ElmTerm_0004,16.767549220523055,48.03382616273393,POINT (16.76754922052305 48.03382616273393),SM_0196
Windpark Parndorf VI,Wind,38.0,ElmTerm_0552,16.860399658559988,48.02081392438017,POINT (16.86039965855999 48.02081392438017),SM_0197
Windpark Neuhof III,Wind,36.0,ElmTerm_0552,16.860399658559988,48.02081392438017,POINT (16.86039965855999 48.02081392438017),SM_0198
aggregated_pp,Gas,6.0,ElmTerm_0022,16.311235518625494,48.20514484641551,POINT (16.31123551862549 48.20514484641551),SM_0199
aggregated_pp,Gas,18.9,ElmTerm_0028,16.42006913686916,48.123903609614956,POINT (16.42006913686916 48.12390360961496),SM_0200
aggregated_pp,Gas,1.5,ElmTerm_0038,15.047811544598199,48.14670021440866,POINT (15.0478115445982 48.14670021440866),SM_0201
aggregated_pp,Gas,5.0,ElmTerm_0048,14.427944003339709,48.24731306643842,POINT (14.42794400333971 48.24731306643842),SM_0202
aggregated_pp,Gas,0.19,ElmTerm_0069,13.588260576547247,48.010778070308454,POINT (13.58826057654725 48.01077807030845),SM_0203
aggregated_pp,Gas,0.58,ElmTerm_0101,9.59185773821276,47.31248725316498,POINT (9.591857738212759 47.31248725316498),SM_0204
aggregated_pp,Gas,0.2,ElmTerm_0183,15.02094812252653,47.39715475254587,POINT (15.02094812252653 47.39715475254587),SM_0205
aggregated_pp,Gas,0.92,ElmTerm_0252,14.695177146360768,48.16420697715917,POINT (14.69517714636077 48.16420697715917),SM_0206
aggregated_pp,Gas,5.0,ElmTerm_0269,16.26906329939312,47.81593904700635,POINT (16.26906329939312 47.81593904700635),SM_0207
aggregated_pp,Gas,0.5,ElmTerm_0324,9.810746644860627,47.14278088986919,POINT (9.810746644860627 47.14278088986919),SM_0208
aggregated_pp,Gas,1.4,ElmTerm_0338,13.066843052070256,47.88804970913196,POINT (13.06684305207026 47.88804970913196),SM_0209
aggregated_pp,Gas,0.625,ElmTerm_0348,16.69596470140941,48.03194296689242,POINT (16.69596470140941 48.03194296689242),SM_0210
aggregated_pp,Gas,5.0,ElmTerm_0359,16.33076004915145,48.16519418259402,POINT (16.33076004915145 48.16519418259402),SM_0211
aggregated_pp,Gas,1.2,ElmTerm_0523,10.873845172027183,47.244246681268905,POINT (10.87384517202718 47.2442466812689),SM_0212
aggregated_pp,Gas,0.25,ElmTerm_0576,13.899759076267811,48.104375434395564,POINT (13.89975907626781 48.10437543439556),SM_0213
aggregated_pp,Hydro,4.8999999999999995,ElmTerm_0022,16.311235518625494,48.20514484641551,POINT (16.31123551862549 48.20514484641551),SM_0214
aggregated_pp,Hydro,3.0,ElmTerm_0026,14.473735252585085,48.12492690319031,POINT (14.47373525258508 48.12492690319031),SM_0215
aggregated_pp,Hydro,1.1700000000000002,ElmTerm_0028,16.42006913686916,48.123903609614956,POINT (16.42006913686916 48.12390360961496),SM_0216
aggregated_pp,Hydro,0.512,ElmTerm_0030,15.689352211287938,48.22490768781617,POINT (15.68935221128794 48.22490768781617),SM_0217
aggregated_pp,Hydro,2.7,ElmTerm_0037,15.737359541072573,48.26874594999999,POINT (15.73735954107257 48.26874594999999),SM_0218
aggregated_pp,Hydro,16.662599999999998,ElmTerm_0038,15.047811544598199,48.14670021440866,POINT (15.0478115445982 48.14670021440866),SM_0219
aggregated_pp,Hydro,0.343,ElmTerm_0048,14.427944003339709,48.24731306643842,POINT (14.42794400333971 48.24731306643842),SM_0220
aggregated_pp,Hydro,2.877,ElmTerm_0053,13.027753869366933,47.833251886744264,POINT (13.02775386936693 47.83325188674426),SM_0221
aggregated_pp,Hydro,2.5,ElmTerm_0069,13.588260576547247,48.010778070308454,POINT (13.58826057654725 48.01077807030845),SM_0222
aggregated_pp,Hydro,2.98,ElmTerm_0077,12.742247480334564,47.259235908188735,POINT (12.74224748033456 47.25923590818874),SM_0223
aggregated_pp,Hydro,19.898999999999997,ElmTerm_0079,12.73973335092679,47.277595484532064,POINT (12.73973335092679 47.27759548453206),SM_0224
aggregated_pp,Hydro,18.517000000000007,ElmTerm_0101,9.59185773821276,47.31248725316498,POINT (9.591857738212759 47.31248725316498),SM_0225
aggregated_pp,Hydro,0.39,ElmTerm_0111,16.276301450251204,47.25075082813866,POINT (16.2763014502512 47.25075082813866),SM_0226
aggregated_pp,Hydro,0.618,ElmTerm_0115,16.06490274925348,47.707067785670176,POINT (16.06490274925348 47.70706778567018),SM_0227
aggregated_pp,Hydro,2.9198,ElmTerm_0119,9.716747417680553,47.43266822608252,POINT (9.716747417680553 47.43266822608252),SM_0228
aggregated_pp,Hydro,1.2,ElmTerm_0122,15.559439998952595,46.80005774284912,POINT (15.55943999895259 46.80005774284912),SM_0229
aggregated_pp,Hydro,2.0540000000000003,ElmTerm_0123,15.423167701745152,46.90363799102186,POINT (15.42316770174515 46.90363799102186),SM_0230
aggregated_pp,Hydro,1.0,ElmTerm_0125,15.484073684707454,46.90909809239682,POINT (15.48407368470745 46.90909809239682),SM_0231
aggregated_pp,Hydro,0.36,ElmTerm_0127,15.725629790855551,47.09103556760316,POINT (15.72562979085555 47.09103556760316),SM_0232
aggregated_pp,Hydro,0.167,ElmTerm_0133,14.681460564728502,46.668454193786246,POINT (14.6814605647285 46.66845419378625),SM_0233
aggregated_pp,Hydro,29.96,ElmTerm_0141,13.893413852340862,46.63135350178828,POINT (13.89341385234086 46.63135350178828),SM_0234
aggregated_pp,Hydro,1.0,ElmTerm_0176,14.874255591277548,46.65819524451187,POINT (14.87425559127755 46.65819524451187),SM_0235
aggregated_pp,Hydro,47.254999999999995,ElmTerm_0183,15.02094812252653,47.39715475254587,POINT (15.02094812252653 47.39715475254587),SM_0236
aggregated_pp,Hydro,1.27,ElmTerm_0247,15.491955031048375,47.0164209971481,POINT (15.49195503104838 47.0164209971481),SM_0237
aggregated_pp,Hydro,9.44,ElmTerm_0252,14.695177146360768,48.16420697715917,POINT (14.69517714636077 48.16420697715917),SM_0238
aggregated_pp,Hydro,1.22,ElmTerm_0269,16.26906329939312,47.81593904700635,POINT (16.26906329939312 47.81593904700635),SM_0239
aggregated_pp,Hydro,0.074,ElmTerm_0320,10.665421862645054,47.06940845616328,POINT (10.66542186264505 47.06940845616328),SM_0240
aggregated_pp,Hydro,75.698,ElmTerm_0324,9.810746644860627,47.14278088986919,POINT (9.810746644860627 47.14278088986919),SM_0241
aggregated_pp,Hydro,11.899999999999999,ElmTerm_0328,14.268859443217718,48.247261915933485,POINT (14.26885944321772 48.24726191593349),SM_0242
aggregated_pp,Hydro,0.1,ElmTerm_0338,13.066843052070256,47.88804970913196,POINT (13.06684305207026 47.88804970913196),SM_0243
aggregated_pp,Hydro,0.26,ElmTerm_0348,16.69596470140941,48.03194296689242,POINT (16.69596470140941 48.03194296689242),SM_0244
aggregated_pp,Hydro,44.1376,ElmTerm_0428,11.897843801023008,47.233447264529794,POINT (11.89784380102301 47.23344726452979),SM_0245
aggregated_pp,Hydro,38.88999999999999,ElmTerm_0433,12.805760909392625,46.82504401999435,POINT (12.80576090939262 46.82504401999435),SM_0246
aggregated_pp,Hydro,2.0,ElmTerm_0472,14.469427164153716,48.11643531029216,POINT (14.46942716415372 48.11643531029216),SM_0247
aggregated_pp,Hydro,19.700000000000003,ElmTerm_0512,13.828017521469949,46.55378638077103,POINT (13.82801752146995 46.55378638077103),SM_0248
aggregated_pp,Hydro,9.57,ElmTerm_0523,10.873845172027183,47.244246681268905,POINT (10.87384517202718 47.2442466812689),SM_0249
aggregated_pp,Hydro,25.261,ElmTerm_0555,13.210428602542606,47.37880353132693,POINT (13.21042860254261 47.37880353132693),SM_0250
aggregated_pp,Hydro,3.186,ElmTerm_0576,13.899759076267811,48.104375434395564,POINT (13.89975907626781 48.10437543439556),SM_0251
aggregated_pp,PV,15.654205000000001,ElmTerm_0008,16.378280042563624,48.357755295034785,POINT (16.37828004256362 48.35775529503479),SM_0252
aggregated_pp,PV,7.7755,ElmTerm_0015,16.23679766378242,48.20073329989176,POINT (16.23679766378242 48.20073329989176),SM_0253
aggregated_pp,PV,0.387554,ElmTerm_0022,16.311235518625494,48.20514484641551,POINT (16.31123551862549 48.20514484641551),SM_0254
aggregated_pp,PV,2.5142100000000003,ElmTerm_0026,14.473735252585085,48.12492690319031,POINT (14.47373525258508 48.12492690319031),SM_0255
aggregated_pp,PV,13.497561,ElmTerm_0028,16.42006913686916,48.123903609614956,POINT (16.42006913686916 48.12390360961496),SM_0256
aggregated_pp,PV,15.423113,ElmTerm_0030,15.689352211287938,48.22490768781617,POINT (15.68935221128794 48.22490768781617),SM_0257
aggregated_pp,PV,16.222081,ElmTerm_0037,15.737359541072573,48.26874594999999,POINT (15.73735954107257 48.26874594999999),SM_0258
aggregated_pp,PV,31.27076699999999,ElmTerm_0038,15.047811544598199,48.14670021440866,POINT (15.0478115445982 48.14670021440866),SM_0259
aggregated_pp,PV,13.040715999999998,ElmTerm_0048,14.427944003339709,48.24731306643842,POINT (14.42794400333971 48.24731306643842),SM_0260
aggregated_pp,PV,5.170609999999999,ElmTerm_0053,13.027753869366933,47.833251886744264,POINT (13.02775386936693 47.83325188674426),SM_0261
aggregated_pp,PV,24.578714000000005,ElmTerm_0069,13.588260576547247,48.010778070308454,POINT (13.58826057654725 48.01077807030845),SM_0262
aggregated_pp,PV,1.278279,ElmTerm_0077,12.742247480334564,47.259235908188735,POINT (12.74224748033456 47.25923590818874),SM_0263
aggregated_pp,PV,10.389371000000002,ElmTerm_0079,12.73973335092679,47.277595484532064,POINT (12.73973335092679 47.27759548453206),SM_0264
aggregated_pp,PV,26.231682000000006,ElmTerm_0096,15.885238321302065,48.32893727438375,POINT (15.88523832130207 48.32893727438375),SM_0265
aggregated_pp,PV,2.323309,ElmTerm_0101,9.59185773821276,47.31248725316498,POINT (9.591857738212759 47.31248725316498),SM_0266
aggregated_pp,PV,18.866194999999998,ElmTerm_0108,13.081870624280215,48.256519536727275,POINT (13.08187062428022 48.25651953672728),SM_0267
aggregated_pp,PV,23.901157999999995,ElmTerm_0111,16.276301450251204,47.25075082813866,POINT (16.2763014502512 47.25075082813866),SM_0268
aggregated_pp,PV,7.870292,ElmTerm_0113,16.838032672688446,47.960475624203106,POINT (16.83803267268845 47.96047562420311),SM_0269
aggregated_pp,PV,18.837312,ElmTerm_0115,16.06490274925348,47.707067785670176,POINT (16.06490274925348 47.70706778567018),SM_0270
aggregated_pp,PV,10.905973999999999,ElmTerm_0119,9.716747417680553,47.43266822608252,POINT (9.716747417680553 47.43266822608252),SM_0271
aggregated_pp,PV,10.498647999999998,ElmTerm_0122,15.559439998952595,46.80005774284912,POINT (15.55943999895259 46.80005774284912),SM_0272
aggregated_pp,PV,7.1042060000000005,ElmTerm_0123,15.423167701745152,46.90363799102186,POINT (15.42316770174515 46.90363799102186),SM_0273
aggregated_pp,PV,3.527195,ElmTerm_0125,15.484073684707454,46.90909809239682,POINT (15.48407368470745 46.90909809239682),SM_0274
aggregated_pp,PV,13.825493999999999,ElmTerm_0127,15.725629790855551,47.09103556760316,POINT (15.72562979085555 47.09103556760316),SM_0275
aggregated_pp,PV,13.470239999999999,ElmTerm_0133,14.681460564728502,46.668454193786246,POINT (14.6814605647285 46.66845419378625),SM_0276
aggregated_pp,PV,17.326271,ElmTerm_0141,13.893413852340862,46.63135350178828,POINT (13.89341385234086 46.63135350178828),SM_0277
aggregated_pp,PV,4.2678199999999995,ElmTerm_0176,14.874255591277548,46.65819524451187,POINT (14.87425559127755 46.65819524451187),SM_0278
aggregated_pp,PV,13.794851000000003,ElmTerm_0183,15.02094812252653,47.39715475254587,POINT (15.02094812252653 47.39715475254587),SM_0279
aggregated_pp,PV,8.462974,ElmTerm_0247,15.491955031048375,47.0164209971481,POINT (15.49195503104838 47.0164209971481),SM_0280
aggregated_pp,PV,15.404586000000005,ElmTerm_0252,14.695177146360768,48.16420697715917,POINT (14.69517714636077 48.16420697715917),SM_0281
aggregated_pp,PV,5.895045,ElmTerm_0266,13.035341924161424,48.22122428519182,POINT (13.03534192416142 48.22122428519182),SM_0282
aggregated_pp,PV,24.217905000000005,ElmTerm_0269,16.26906329939312,47.81593904700635,POINT (16.26906329939312 47.81593904700635),SM_0283
aggregated_pp,PV,12.055461,ElmTerm_0273,16.800135035169717,48.605814746452616,POINT (16.80013503516972 48.60581474645262),SM_0284
aggregated_pp,PV,7.388450999999999,ElmTerm_0320,10.665421862645054,47.06940845616328,POINT (10.66542186264505 47.06940845616328),SM_0285
aggregated_pp,PV,9.755193,ElmTerm_0324,9.810746644860627,47.14278088986919,POINT (9.810746644860627 47.14278088986919),SM_0286
aggregated_pp,PV,28.83608299999999,ElmTerm_0328,14.268859443217718,48.247261915933485,POINT (14.26885944321772 48.24726191593349),SM_0287
aggregated_pp,PV,14.924644000000004,ElmTerm_0338,13.066843052070256,47.88804970913196,POINT (13.06684305207026 47.88804970913196),SM_0288
aggregated_pp,PV,10.793427,ElmTerm_0348,16.69596470140941,48.03194296689242,POINT (16.69596470140941 48.03194296689242),SM_0289
aggregated_pp,PV,2.7975399999999997,ElmTerm_0359,16.33076004915145,48.16519418259402,POINT (16.33076004915145 48.16519418259402),SM_0290
aggregated_pp,PV,31.640668000000005,ElmTerm_0428,11.897843801023008,47.233447264529794,POINT (11.89784380102301 47.23344726452979),SM_0291
aggregated_pp,PV,14.555206000000004,ElmTerm_0433,12.805760909392625,46.82504401999435,POINT (12.80576090939262 46.82504401999435),SM_0292
aggregated_pp,PV,5.6815370000000005,ElmTerm_0438,16.994532987218804,47.937698174466156,POINT (16.9945329872188 47.93769817446616),SM_0293
aggregated_pp,PV,13.122075000000002,ElmTerm_0472,14.469427164153716,48.11643531029216,POINT (14.46942716415372 48.11643531029216),SM_0294
aggregated_pp,PV,0.95378,ElmTerm_0512,13.828017521469949,46.55378638077103,POINT (13.82801752146995 46.55378638077103),SM_0295
aggregated_pp,PV,16.474419000000005,ElmTerm_0523,10.873845172027183,47.244246681268905,POINT (10.87384517202718 47.2442466812689),SM_0296
aggregated_pp,PV,16.454136000000002,ElmTerm_0555,13.210428602542606,47.37880353132693,POINT (13.21042860254261 47.37880353132693),SM_0297
aggregated_pp,PV,33.482887,ElmTerm_0576,13.899759076267811,48.104375434395564,POINT (13.89975907626781 48.10437543439556),SM_0298
aggregated_pp,Wind,90.98000000000002,ElmTerm_0008,16.378280042563624,48.357755295034785,POINT (16.37828004256362 48.35775529503479),SM_0299
aggregated_pp,Wind,7.025,ElmTerm_0028,16.42006913686916,48.123903609614956,POINT (16.42006913686916 48.12390360961496),SM_0300
aggregated_pp,Wind,19.535000000000004,ElmTerm_0030,15.689352211287938,48.22490768781617,POINT (15.68935221128794 48.22490768781617),SM_0301
aggregated_pp,Wind,27.310000000000006,ElmTerm_0037,15.737359541072573,48.26874594999999,POINT (15.73735954107257 48.26874594999999),SM_0302
aggregated_pp,Wind,13.5,ElmTerm_0038,15.047811544598199,48.14670021440866,POINT (15.0478115445982 48.14670021440866),SM_0303
aggregated_pp,Wind,4.8,ElmTerm_0069,13.588260576547247,48.010778070308454,POINT (13.58826057654725 48.01077807030845),SM_0304
aggregated_pp,Wind,9.2,ElmTerm_0111,16.276301450251204,47.25075082813866,POINT (16.2763014502512 47.25075082813866),SM_0305
aggregated_pp,Wind,13.800000000000002,ElmTerm_0113,16.838032672688446,47.960475624203106,POINT (16.83803267268845 47.96047562420311),SM_0306
aggregated_pp,Wind,40.1,ElmTerm_0115,16.06490274925348,47.707067785670176,POINT (16.06490274925348 47.70706778567018),SM_0307
aggregated_pp,Wind,8.0,ElmTerm_0123,15.423167701745152,46.90363799102186,POINT (15.42316770174515 46.90363799102186),SM_0308
aggregated_pp,Wind,17.25,ElmTerm_0127,15.725629790855551,47.09103556760316,POINT (15.72562979085555 47.09103556760316),SM_0309
aggregated_pp,Wind,6.6,ElmTerm_0176,14.874255591277548,46.65819524451187,POINT (14.87425559127755 46.65819524451187),SM_0310
aggregated_pp,Wind,19.650000000000002,ElmTerm_0183,15.02094812252653,47.39715475254587,POINT (15.02094812252653 47.39715475254587),SM_0311
aggregated_pp,Wind,58.25,ElmTerm_0269,16.26906329939312,47.81593904700635,POINT (16.26906329939312 47.81593904700635),SM_0312
aggregated_pp,Wind,216.27999999999992,ElmTerm_0273,16.800135035169717,48.605814746452616,POINT (16.80013503516972 48.60581474645262),SM_0313
aggregated_pp,Wind,15.0,ElmTerm_0338,13.066843052070256,47.88804970913196,POINT (13.06684305207026 47.88804970913196),SM_0314
aggregated_pp,Wind,61.50000000000001,ElmTerm_0348,16.69596470140941,48.03194296689242,POINT (16.69596470140941 48.03194296689242),SM_0315
aggregated_pp,Wind,1.2,ElmTerm_0359,16.33076004915145,48.16519418259402,POINT (16.33076004915145 48.16519418259402),SM_0316
aggregated_pp,Wind,0.5,ElmTerm_0433,12.805760909392625,46.82504401999435,POINT (12.80576090939262 46.82504401999435),SM_0317
aggregated_pp,Wind,53.1,ElmTerm_0438,16.994532987218804,47.937698174466156,POINT (16.9945329872188 47.93769817446616),SM_0318
aggregated_pp,Wind,1.7999999999999998,ElmTerm_0472,14.469427164153716,48.11643531029216,POINT (14.46942716415372 48.11643531029216),SM_0319
